image,palette1,palette0,id,title,thumbnail,shot_date,mod_date,slug,post_date
photos/punks-not-dead/20060516-_DSC0835_3.jpg,e1ddd5,443623,2,punk's not dead,photos/punks-not-dead/thumbnail_20060516-_DSC0835_2.jpg,2006-05-16,2011-04-09,punks-not-dead,2011-03-14
photos/tonights-sound/20090703-_DSC1330_3.jpg,a38b70,766351,3,tonight's sound,photos/tonights-sound/thumbnail_20090703-_DSC1330_3.jpg,2009-07-03,2011-04-09,tonights-sound,2011-03-14
photos/smooth-solid/20090505-_DSC3123_2.jpg,80a1ce,0,4,smooth; solid,photos/smooth-solid/thumbnail_20090505-_DSC3123_1.jpg,2009-05-05,2011-04-09,smooth-solid,2011-03-14
photos/headquarters/20090702-_DSC1227_2.jpg,e5a548,472d23,5,headquarters,photos/headquarters/thumbnail_20090702-_DSC1227_1.jpg,2009-07-02,2011-04-09,headquarters,2011-03-14
photos/unze/20090707-_DSC2294_2.jpg,0685fd,1844,6,unze,photos/unze/thumbnail_20090707-_DSC2294_1.jpg,2009-07-07,2011-04-09,unze,2011-03-14
photos/source/20091022-_DSC5338_2.jpg,2494,00173e,7,the source?,photos/source/thumbnail_20091022-_DSC5338_1.jpg,2009-10-22,2011-04-09,source,2011-03-14
photos/broken-ladder/20091022-_DSC5393_2.jpg,9b7f63,46433a,8,broken ladder,photos/broken-ladder/thumbnail_20091022-_DSC5393_1.jpg,2009-10-22,2011-04-09,broken-ladder,2011-03-14
photos/spaceships/20091111-_DSC6413_2.jpg,5a5a5a,1d1d1d,9,spaceships,photos/spaceships/thumbnail_20091111-_DSC6413_1.jpg,2009-11-11,2011-04-09,spaceships,2011-03-16
photos/gallagher/20091214-_DSC7583_2.jpg,b5a56b,2e383e,10,gallagher,photos/gallagher/thumbnail_20091214-_DSC7583_2.jpg,2009-12-14,2011-04-09,gallagher,2011-03-18
photos/anonymous-blaze/20091215-_DSC7709_2.jpg,e5c06d,29170f,11,anonymous blaze,photos/anonymous-blaze/thumbnail_20091215-_DSC7709_1.jpg,2009-12-15,2011-04-09,anonymous-blaze,2011-03-21
photos/our-branches/20091215-_DSC7792_2.jpg,bfbcb8,302826,12,with our branches,photos/our-branches/thumbnail_20091215-_DSC7792_1.jpg,2009-12-15,2011-04-09,our-branches,2011-03-23
photos/ant-hive/20091216-_DSC7998_2.jpg,c6c6c6,412525,13,ant hive,photos/ant-hive/thumbnail_20091216-_DSC7998_2.jpg,2009-12-16,2011-04-09,ant-hive,2011-03-25
photos/hidden/20091216-_DSC8300_2.jpg,acacac,212121,14,hidden,photos/hidden/thumbnail_20091216-_DSC8300_2.jpg,2009-12-16,2011-04-09,hidden,2011-03-28
photos/last-years-view/20091216-_DSC8274_2.jpg,d8dce4,585c64,15,last year's view,photos/last-years-view/thumbnail_20091216-_DSC8274_2.jpg,2009-12-16,2011-04-09,last-years-view,2011-03-30
photos/snakes-shudder/20091216-_DSC8134_2.jpg,c4aa6c,1c1b13,16,snakes shudder,photos/snakes-shudder/thumbnail_20091216-_DSC8134_2.jpg,2009-12-16,2011-04-09,snakes-shudder,2011-04-01
photos/unbelievable-undeniable/20100220-_DSC9284_2.jpg,fed967,510017,17,unbelievable; undeniable,photos/unbelievable-undeniable/thumbnail_20100220-_DSC9284_2.jpg,2010-02-20,2011-04-09,unbelievable-undeniable,2011-03-14
photos/fill-gaps/202.jpg,008efd,2049,18,fill in the gaps,photos/fill-gaps/thumbnail_202.jpg,2008-07-20,2011-04-09,fill-gaps,2008-07-20
photos/thrash/123.jpg,feefd1,1b1c00,19,thrash,photos/thrash/thumbnail_123.jpg,2007-03-04,2011-04-09,thrash,2007-03-04
photos/last-night-they-came-me/186.jpg,c5a568,01031f,20,last night they came for me,photos/last-night-they-came-me/thumbnail_186.jpg,2007-11-07,2011-04-09,last-night-they-came-me,2007-11-07
photos/tarsi/200.jpg,d1ccdd,2.82E+049,21,tarsi,photos/tarsi/thumbnail_200.jpg,2008-08-14,2011-04-09,tarsi,2008-08-14
photos/we-made-it/201.jpg,be9b5b,392d17,22,we made it,photos/we-made-it/thumbnail_201.jpg,2007-12-28,2011-04-09,we-made-it,2007-12-28
photos/world-peace/213.jpg,c0ae98,322111,23,world peace,photos/world-peace/thumbnail_213.jpg,2009-05-06,2011-04-09,world-peace,2009-05-06
photos/antennae/Antennae.tif.png,dbdbe3,a7a3b0,24,antennae,photos/antennae/thumbnail_Antennae.tif.png,2005-05-08,2011-04-09,antennae,2006-09-15
photos/beads-light-i/Beads of Light I.tif.png,c8bc9a,403826,25,Beads of Light I,photos/beads-light-i/thumbnail_Beads of Light I.tif.png,2006-07-19,2011-04-09,beads-light-i,2006-07-20
photos/beads-light-ii/Beads of Light II.tif.png,d6d6d6,333333,26,Beads of Light II,photos/beads-light-ii/thumbnail_Beads of Light II.tif.png,2006-07-19,2011-04-09,beads-light-ii,2006-07-20
photos/beads-light-iii/Beads of Light III.tif.png,d8b95f,3b2c01,27,Beads of Light III,photos/beads-light-iii/thumbnail_Beads of Light III.tif.png,2006-07-19,2011-04-09,beads-light-iii,2006-08-15
photos/beguile/Beguile.tif.png,9b0100,400000,28,Beguile,photos/beguile/thumbnail_Beguile.tif.png,2007-03-04,2011-04-09,beguile,2007-03-05
photos/cables-run-my-life/cables run my life.tif.png,b2b4af,2a271f,29,cables run my life,photos/cables-run-my-life/thumbnail_cables run my life.tif.png,2007-12-28,2011-04-09,cables-run-my-life,2008-06-10
photos/dying-day/Dying Day.tif.png,99793d,33290e,30,dying day,photos/dying-day/thumbnail_Dying Day.tif.png,2006-05-19,2011-04-09,dying-day,2006-07-22
photos/electrons/Electrons.tif.png,96a179,31423b,31,electrons,photos/electrons/thumbnail_Electrons.tif.png,2006-02-19,2011-04-09,electrons,2006-11-19
photos/grizzled/Grizzled.jpg,8ab7c5,062f30,32,grizzled,photos/grizzled/thumbnail_Grizzled.jpg,2006-05-17,2011-04-09,grizzled,2007-02-17
photos/insanity/Insanity.tif.png,d2d2d2,2f2f2f,33,insanity,photos/insanity/thumbnail_Insanity.tif.png,2006-05-24,2011-04-09,insanity,2006-08-10
photos/made-walking/Made for Walkin.tif.png,bbab9b,4f4237,34,made for walking,photos/made-walking/thumbnail_Made for Walkin.tif.png,2005-03-03,2011-04-09,made-walking,2006-08-26
photos/nebulous/Nebulous.tif.png,aeada6,292923,35,nebulous,photos/nebulous/thumbnail_Nebulous.tif.png,2006-05-18,2011-04-09,nebulous,2006-07-13
photos/not-dog/Not a Dog.tif.png,9bab09,032b06,36,not a dog,photos/not-dog/thumbnail_Not a Dog.tif.png,2005-12-16,2011-04-09,not-dog,2007-04-05
photos/pierce/Pierce.tif.png,bdbdbd,151515,37,pierce,photos/pierce/thumbnail_Pierce.tif.png,2007-03-04,2011-04-09,pierce,2007-03-10
photos/portal/Portal.tif.png,837e7a,221d1a,38,portal,photos/portal/thumbnail_Portal.tif.png,2006-05-24,2011-04-09,portal,2006-08-24
photos/potatotter/Potatotter.tif.png,c9c9c9,313131,39,potatotter,photos/potatotter/thumbnail_Potatotter.tif.png,2006-05-18,2011-04-09,potatotter,2006-12-09
photos/quizzical/Quizzical.tif.png,dbdbdb,313131,40,quizzical,photos/quizzical/thumbnail_Quizzical.tif.png,2006-05-21,2011-04-09,quizzical,2006-07-21
photos/string-theory/String Theory.tif.png,c8ddc2,26451d,41,string theory,photos/string-theory/thumbnail_String Theory.tif.png,2007-03-23,2011-04-09,string-theory,2007-03-25
photos/human-exhibit/The Human Exhibit.tif.png,c4bdb8,282a29,42,the human exhibit,photos/human-exhibit/thumbnail_The Human Exhibit.tif.png,2006-05-18,2011-04-09,human-exhibit,2006-07-14
photos/irony/212.jpg,e5e6e8,36373a,43,irony,photos/irony/thumbnail_212.jpg,2011-03-02,2011-04-09,irony,2011-04-04
photos/more-water/20100518-_DSC2743.jpg,c1d1e1,22151e,44,more water,photos/more-water/thumbnail_20100518-_DSC2743.jpg,2010-05-18,2011-04-09,more-water,2011-04-06
photos/enshroud/20100522-_DSC2797.jpg,c0d06a,1b0000,45,enshroud,photos/enshroud/thumbnail_20100522-_DSC2797.jpg,2010-05-22,2011-04-09,enshroud,2011-04-08
photos/more-spaceships/20091111-_DSC6430.jpg,e28d3d,290c0b,46,more spaceships,photos/more-spaceships/thumbnail_20091111-_DSC6430.jpg,2009-11-11,2011-04-09,more-spaceships,2011-04-08
photos/how-many-roads/20100518-_DSC2625.jpg,9cab8f,323b2c,47,how many roads,photos/how-many-roads/thumbnail_20100518-_DSC2625.jpg,2010-05-08,2011-04-11,how-many-roads,2011-04-11
photos/suspicious-glow/20090702-_DSC1240.jpg,797979,121212,48,suspicious glow,photos/suspicious-glow/thumbnail_20090702-_DSC1240.jpg,2009-07-02,2011-04-14,suspicious-glow,2011-04-13
photos/or-it/20090703-_DSC1294.jpg,857053,2a1f14,49,or is it?,photos/or-it/thumbnail_20090703-_DSC1294.jpg,2009-07-03,2011-04-15,or-it,2011-04-15
photos/set-sail/20090703-_DSC1308.jpg,0e64af,000c23,50,set sail,photos/set-sail/thumbnail_20090703-_DSC1308.jpg,2009-07-03,2011-04-18,set-sail,2011-04-18
photos/project-demo/20090704-_DSC1410.jpg,e3e4cb,322122,51,project demo,photos/project-demo/thumbnail_20090704-_DSC1410.jpg,2009-07-04,2011-04-20,project-demo,2011-04-20
photos/tamper/20090704-_DSC1427.jpg,0f7001,910000000,52,tamper,photos/tamper/thumbnail_20090704-_DSC1427.jpg,2009-07-04,2011-04-22,tamper,2011-04-22
photos/rage/20090704-_DSC1432.jpg,e90036,25020d,53,rage,photos/rage/thumbnail_20090704-_DSC1432.jpg,2009-07-04,2011-04-25,rage,2011-04-25
photos/melody/20090704-_DSC1472.jpg,694623,20180e,54,melody,photos/melody/thumbnail_20090704-_DSC1472.jpg,2009-07-04,2011-04-27,melody,2011-04-27
photos/enter/20090704-_DSC1668.jpg,e5e4e3,1e1b18,55,enter,photos/enter/thumbnail_20090704-_DSC1668.jpg,2009-07-04,2011-04-29,enter,2011-04-29
photos/warped/20090707-_DSC2426.jpg,a5b9be,01172d,56,warped,photos/warped/thumbnail_20090707-_DSC2426.jpg,2009-07-07,2011-05-04,warped,2011-05-02
photos/patterns-are-everywhere/20091022-_DSC5421.jpg,d4c3a5,41321e,57,patterns are everywhere,photos/patterns-are-everywhere/thumbnail_20091022-_DSC5421.jpg,2009-10-22,2011-05-04,patterns-are-everywhere,2011-05-04
photos/insanity-2/20090930-_DSC4360.jpg,d8d8d8,464646,58,insanity 2,photos/insanity-2/thumbnail_20090930-_DSC4360.jpg,2009-09-30,2011-05-06,insanity-2,2011-05-06
photos/boing/20090301-_DSC2509.jpg,babab5,2f3236,59,boing,photos/boing/thumbnail_20090301-_DSC2509.jpg,2009-03-01,2011-05-12,boing,2011-05-09
photos/clef/20090513-_DSC0292.jpg,bcc4cd,737272,60,clef,photos/clef/thumbnail_20090513-_DSC0292.jpg,2009-05-13,2011-05-12,clef,2011-05-11
photos/way-modern-world/20090511-_DSC0251.jpg,fceba4,38170c,61,this is the way of the modern world,photos/way-modern-world/thumbnail_20090511-_DSC0251.jpg,2009-05-11,2011-05-13,way-modern-world,2011-05-13
photos/near-curtain-blue/20090704-_DSC1763.jpg,dad5d4,696a70,62,near a curtain of blue,photos/near-curtain-blue/thumbnail_20090704-_DSC1763.jpg,2009-07-04,2011-05-16,near-curtain-blue,2011-05-16
photos/scare-some-hope/20090705-_DSC1893.jpg,84b6e6,070a15,63,scare up some hope,photos/scare-some-hope/thumbnail_20090705-_DSC1893.jpg,2009-07-05,2011-05-18,scare-some-hope,2011-05-18
photos/flow-getting-stronger/20090705-_DSC1952.jpg,b2b5c4,4e463f,64,the flow is getting stronger,photos/flow-getting-stronger/thumbnail_20090705-_DSC1952.jpg,2009-07-05,2011-05-20,flow-getting-stronger,2011-05-20
photos/shadowed-stain/20090917-_DSC3155.jpg,baafa0,251a0e,65,shadowed stain,photos/shadowed-stain/thumbnail_20090917-_DSC3155.jpg,2009-09-17,2011-05-23,shadowed-stain,2011-05-23
photos/grin/20091007-_DSC4378.jpg,fecb75,1f0003,66,grin,photos/grin/thumbnail_20091007-_DSC4378.jpg,2009-10-07,2011-05-25,grin,2011-05-25
photos/one-one/20081009-_DSC0829.jpg,d3d2d0,3f3a38,67,one by one,photos/one-one/thumbnail_20081009-_DSC0829.jpg,2008-10-09,2011-05-27,one-one,2011-05-27
photos/going-walk/20081009-_DSC0764.jpg,d6d9d5,434537,68,going for a walk,photos/going-walk/thumbnail_20081009-_DSC0764.jpg,2008-10-09,2011-05-30,going-walk,2011-05-30
photos/day-races/20080927-_DSC0636.jpg,c1b968,3c3429,69,the day races,photos/day-races/thumbnail_20080927-_DSC0636.jpg,2008-09-27,2011-06-01,day-races,2011-06-01
photos/survivors/20100530-_DSC3065.jpg,b3987c,352d27,70,survivors,photos/survivors/thumbnail_20100530-_DSC3065.jpg,2010-05-30,2011-06-03,survivors,2011-06-03
photos/cts/20110523-_DSC4979.jpg,e3e4e3,0e0f10,74,cts,photos/cts/thumbnail_20110523-_DSC4979.jpg,2011-05-23,2011-09-01,cts,2011-06-08
photos/bacteria/20110114-_DSC4712.jpg,c3bcb7,231d1b,75,bacteria,photos/bacteria/thumbnail_20110114-_DSC4712.jpg,2011-01-14,2011-09-01,bacteria,2011-06-06
photos/bubbles/20111028-_DSC5957.jpg,ab997b,271c14,76,bubbles,photos/bubbles/thumbnail_20111028-_DSC5957.jpg,2011-10-28,2011-11-14,bubbles,2011-11-14
photos/heres-crazy-ones/20120512-_DSC6304.jpg,f7de6a,130b02,77,here's to the crazy ones,photos/heres-crazy-ones/thumbnail_20120512-_DSC6304.jpg,2012-05-12,2012-05-14,heres-crazy-ones,2012-05-14
photos/quickly-sinking/20120518-_DSC6394_1.jpg,c69fc7,0d0216,78,quickly sinking,photos/quickly-sinking/thumbnail_20120518-_DSC6394_1.jpg,2012-05-18,2012-05-19,quickly-sinking,2012-05-18
photos/i-dont-____-you-anymore/20120518-_DSC6378_1.jpg,fe9814,180202,79,I don't ____ you anymore,photos/i-dont-____-you-anymore/thumbnail_20120518-_DSC6378_1.jpg,2012-05-18,2012-05-19,i-dont-____-you-anymore,2012-05-21
photos/friday-night/20120518-_DSC6360.jpg,9f8ca0,928ba2,80,friday night,photos/friday-night/thumbnail_20120518-_DSC6360.jpg,2012-05-18,2012-05-19,friday-night,2012-05-23
photos/whatcha-doin-friday/20120518-_DSC6373.jpg,faf2e3,06110a,81,whatcha doin' friday?,photos/whatcha-doin-friday/thumbnail_20120518-_DSC6373.jpg,2012-05-18,2012-05-19,whatcha-doin-friday,2012-05-25
photos/nose/20120603-_DSC6543.jpg,ececec,303530,82,nose,photos/nose/thumbnail_20120603-_DSC6543.jpg,2012-06-03,2012-06-12,nose,2012-06-11
photos/general/20120603-_DSC6505.jpg,dbdde0,6d635d,83,GENERAL,photos/general/thumbnail_20120603-_DSC6505.jpg,2012-06-03,2012-06-13,general,2012-06-13
photos/something/20120603-_DSC6508.jpg,e0e2e4,a7a09d,84,something,photos/something/thumbnail_20120603-_DSC6508.jpg,2012-06-03,2012-06-15,something,2012-06-15
photos/space-junk/20120603-_DSC6463.jpg,aaccf5,515559,86,Space Junk,photos/space-junk/thumbnail_20120603-_DSC6463.jpg,2012-06-03,2012-06-20,space-junk,2012-06-20
photos/tesseracts/20120603-_DSC6425.jpg,8791a0,42403a,87,tesseracts?,photos/tesseracts/thumbnail_20120603-_DSC6425.jpg,2012-06-03,2012-07-03,tesseracts,2012-06-22
photos/we-auction-our-memories-never/_DSC7692.JPG,b5b5b5,535353,91,We auction off our memories (never),photos/we-auction-our-memories-never/thumbnail__DSC7692.JPG,2012-07-08,2012-07-09,we-auction-our-memories-never,2012-07-09
photos/climber/20120712-_DSC7829.jpg,ece7d9,2f2622,92,climber,photos/climber/thumbnail_20120712-_DSC7829.jpg,2012-07-13,2012-07-13,climber,2012-07-13
photos/climber-2/20120712-_DSC7830.jpg,e9e4d4,423e3b,93,climber 2,photos/climber-2/thumbnail_20120712-_DSC7830.jpg,2012-07-13,2012-07-14,climber-2,2012-07-14
photos/fandom/20120622-f11462848.jpg,ebd8be,191108,95,fandom,photos/fandom/thumbnail_20120622-f11462848.jpg,2012-06-22,2012-07-16,fandom,2012-07-16
photos/guten-morgahn/20120621-f5629056_3.jpg,f8f8f8,3c3c3c,96,guten morgahn,photos/guten-morgahn/thumbnail_20120621-f5629056_3.jpg,2012-06-21,2012-07-17,guten-morgahn,2012-07-17
photos/stuhleer/20120622-f6206592.jpg,f9f9f9,232323,97,stuhleer,photos/stuhleer/thumbnail_20120622-f6206592.jpg,2012-06-22,2012-07-18,stuhleer,2012-07-18
photos/stadteiche/20120603-_DSC6460.jpg,fcfcfc,151515,98,stadteiche,photos/stadteiche/thumbnail_20120603-_DSC6460.jpg,2012-06-03,2012-07-19,stadteiche,2012-07-19
photos/jungensichtlinie/20120622-f5983296.jpg,f5f5f5,3b3b3b,99,jungensichtlinie,photos/jungensichtlinie/thumbnail_20120622-f5983296.jpg,2012-06-22,2012-07-20,jungensichtlinie,2012-07-20
photos/9/20120215-_DSC6237.jpg,c2c0c0,271214,100,9,photos/9/thumbnail_20120215-_DSC6237.jpg,2012-02-15,2012-07-23,9,2012-07-23
photos/protection/20120725-_DSF5328.jpg,f3f3f3,434343,101,protection,photos/protection/thumbnail_20120725-_DSF5328.jpg,2012-07-25,2012-07-28,protection,2012-07-28
photos/surprised-ghost/20120725-_DSF5396.jpg,858585,1e1e1e,102,surprised ghost,photos/surprised-ghost/thumbnail_20120725-_DSF5396.jpg,2012-07-25,2012-07-29,surprised-ghost,2012-07-29
photos/casper/20120726-_DSF5404.jpg,dcdcdc,2f2f2f,105,Casper,photos/casper/thumbnail_20120726-_DSF5404.jpg,2012-07-26,2012-08-01,casper,2012-08-01
photos/reflexion/20120728-_DSF5468.jpg,e9c579,362b14,106,Reflexion,photos/reflexion/thumbnail_20120728-_DSF5468.jpg,2011-07-28,2012-08-02,reflexion,2012-08-02
photos/bou-hoo/20120805-_DSF5622.jpg,a6683d,72421b,107,Bou Hoo,photos/bou-hoo/thumbnail_20120805-_DSF5622.jpg,2012-08-05,2012-08-06,bou-hoo,2012-08-06
photos/steam0/20120805-_DSF5647.jpg,909ca4,1a1a1c,108,steam0,photos/steam0/thumbnail_20120805-_DSF5647.jpg,2012-08-05,2012-08-07,steam0,2012-08-07
photos/steam1/20120805-_DSF5651.jpg,d9dad4,2b292a,109,steam1,photos/steam1/thumbnail_20120805-_DSF5651.jpg,2012-08-05,2012-08-08,steam1,2012-08-08
photos/steam2/20120805-_DSF5655.jpg,696056,171619,110,steam2,photos/steam2/thumbnail_20120805-_DSF5655.jpg,2012-08-05,2012-08-09,steam2,2012-08-09
photos/steam3/20120805-_DSF5641.jpg,909292,1f1922,111,steam3,photos/steam3/thumbnail_20120805-_DSF5641.jpg,2012-08-05,2012-08-10,steam3,2012-08-10
photos/steam4/20120805-_DSF5632.jpg,6c00c3,260065,112,steam4,photos/steam4/thumbnail_20120805-_DSF5632.jpg,2012-08-05,2012-08-13,steam4,2012-08-13
photos/sememe/20120805-_DSF5668.jpg,e0e0e0,5b5b5b,113,sememe,photos/sememe/thumbnail_20120805-_DSF5668.jpg,2012-08-05,2012-08-14,sememe,2012-08-14
photos/intorted/20120806-_DSC8667.jpg,bf9565,120902,116,intorted,photos/intorted/thumbnail_20120806-_DSC8667.jpg,2012-08-06,2012-08-20,intorted,2012-08-20
photos/new-leaf/20130420-_DSF1343.jpg,e7f191,1f2a37,128,New Leaves,photos/new-leaf/thumbnail_20130420-_DSF1343.jpg,2013-04-20,2013-04-22,new-leaves,2013-04-22
photos/pathways/20130427-_DSC0478.jpg,87942a,293001,131,pathways,photos/pathways/thumbnail_20130427-_DSC0478.jpg,2013-04-27,2014-01-23,pathways,2013-05-01
